timestep,population,phi,delta_phi,entropy,resource_concentration,reward_drift,agent_dominance,phi_resource_contribution,phi_reward_drift_contribution,phi_dominance_contribution,dominant_lineage_id,dominant_lineage_type,dominant_lineage_count
0,19,0.102327,0.0,0.993172,0.149236,0.052901,0.105263,0.052233,0.018515,0.031579,pp-0014,mutating,2
1,30,0.154687,0.05236,0.973597,0.1958,0.131878,0.133333,0.06853,0.046157,0.04,pp-0014,mutating,4
2,30,0.184167,0.02948,0.977496,0.231915,0.179992,0.133333,0.08117,0.062997,0.04,pp-0014,mutating,4
3,30,0.218107,0.03394,0.98234,0.28425,0.224629,0.133333,0.099487,0.07862,0.04,pp-0014,mutating,4
4,27,0.21076,-0.007347,0.987147,0.281819,0.225115,0.111111,0.098637,0.07879,0.033333,pp-0014,mutating,3
5,26,0.241297,0.030537,0.990712,0.350773,0.239749,0.115385,0.12277,0.083912,0.034615,pp-0014,mutating,3
6,19,0.209395,-0.031902,0.991081,0.22794,0.280105,0.105263,0.079779,0.098037,0.031579,pp-0014,mutating,2
7,16,0.152665,-0.05673,0.981557,0.175436,0.182211,0.091628,0.061403,0.063774,0.027488,pp-0009,selfish,1
8,16,0.195355,0.04269,0.948374,0.285255,0.182306,0.105698,0.099839,0.063807,0.031709,pp-0009,selfish,1
9,11,0.242612,0.047257,0.87982,0.309192,0.265165,0.138623,0.108217,0.092808,0.041587,pp-0009,selfish,1
10,8,0.184354,-0.058258,0.997634,0.046914,0.364593,0.134425,0.01642,0.127607,0.040327,pp-0009,selfish,1
11,8,0.203673,0.019319,0.994934,0.08023,0.364589,0.159956,0.02808,0.127606,0.047987,pp-0015,mutating,1
12,8,0.25898,0.055307,0.968398,0.201961,0.364585,0.202297,0.070686,0.127605,0.060689,pp-0015,mutating,1
13,7,0.39034,0.13136,0.826841,0.43324,0.416663,0.309578,0.151634,0.145832,0.092874,pp-0015,mutating,1
14,3,0.451399,0.061059,0.999455,0.018481,0.972209,0.348859,0.006468,0.340273,0.104658,pp-0015,mutating,1
15,3,0.444812,-0.006587,0.999906,0.007841,0.972296,0.339218,0.002744,0.340303,0.101765,pp-0015,mutating,1
16,3,0.443612,-0.0012,0.999952,0.005593,0.972383,0.337738,0.001957,0.340334,0.101321,pp-0016,mutating,1
17,3,0.441969,-0.001643,0.999983,0.003082,0.97247,0.335088,0.001079,0.340364,0.100526,pp-0016,mutating,1
18,3,0.441918,-5.1e-05,0.99999,0.002577,0.972556,0.335405,0.000902,0.340395,0.100621,pp-0016,mutating,1
19,3,0.444888,0.00297,0.999891,0.008189,0.972641,0.338659,0.002866,0.340424,0.101598,pp-0016,mutating,1
20,3,0.444107,-0.000781,0.999918,0.0069,0.972727,0.33746,0.002415,0.340454,0.101238,pp-0016,mutating,1
21,3,0.445386,0.001279,0.999872,0.00893,0.972811,0.339255,0.003126,0.340484,0.101776,pp-0016,mutating,1
22,4,0.557292,0.111906,0.999788,0.190793,0.972899,0.5,0.066777,0.340515,0.15,pp-0016,mutating,2
23,6,0.584535,0.027243,0.997907,0.268722,0.972805,0.5,0.094053,0.340482,0.15,pp-0014,mutating,3
24,6,0.583251,-0.001284,0.997034,0.265323,0.972536,0.5,0.092863,0.340388,0.15,pp-0014,mutating,3
25,6,0.582144,-0.001107,0.996426,0.262172,0.972527,0.5,0.09176,0.340384,0.15,pp-0014,mutating,3
26,6,0.580531,-0.001613,0.995522,0.257569,0.972519,0.5,0.090149,0.340382,0.15,pp-0014,mutating,3
27,6,0.578658,-0.001873,0.994461,0.252225,0.972512,0.5,0.088279,0.340379,0.15,pp-0014,mutating,3
28,6,0.577769,-0.000889,0.99339,0.249692,0.972504,0.5,0.087392,0.340377,0.15,pp-0014,mutating,3
29,6,0.576943,-0.000826,0.991463,0.247339,0.972497,0.5,0.086569,0.340374,0.15,pp-0014,mutating,3
30,6,0.575607,-0.001336,0.989541,0.243532,0.972489,0.5,0.085236,0.340371,0.15,pp-0014,mutating,3
31,6,0.574391,-0.001216,0.987088,0.240061,0.972482,0.5,0.084022,0.340369,0.15,pp-0014,mutating,3
32,6,0.570695,-0.003696,0.986166,0.229512,0.972475,0.5,0.080329,0.340366,0.15,pp-0014,mutating,3
33,6,0.572861,0.002166,0.98709,0.23571,0.972467,0.5,0.082498,0.340363,0.15,pp-0014,mutating,3
34,6,0.573027,0.000166,0.984244,0.236188,0.97246,0.5,0.082666,0.340361,0.15,pp-0014,mutating,3
35,6,0.571425,-0.001602,0.986078,0.23162,0.972452,0.5,0.081067,0.340358,0.15,pp-0014,mutating,3
36,6,0.573384,0.001959,0.986211,0.237222,0.972445,0.5,0.083028,0.340356,0.15,pp-0014,mutating,3
37,6,0.576654,0.00327,0.986808,0.246574,0.972437,0.5,0.086301,0.340353,0.15,pp-0014,mutating,3
38,6,0.572398,-0.004256,0.985423,0.234422,0.97243,0.5,0.082048,0.34035,0.15,pp-0014,mutating,3
39,6,0.574267,0.001869,0.985121,0.23977,0.972422,0.5,0.083919,0.340348,0.15,pp-0014,mutating,3
40,6,0.576235,0.001968,0.985282,0.2454,0.972415,0.5,0.08589,0.340345,0.15,pp-0014,mutating,3
41,6,0.57921,0.002975,0.984849,0.25391,0.972407,0.5,0.088868,0.340342,0.15,pp-0014,mutating,3
42,6,0.574145,-0.005065,0.9838,0.239443,0.972399,0.5,0.083805,0.34034,0.15,pp-0014,mutating,3
43,6,0.576825,0.00268,0.984577,0.24711,0.972392,0.5,0.086488,0.340337,0.15,pp-0014,mutating,3
44,6,0.580713,0.003888,0.984738,0.258222,0.972384,0.5,0.090378,0.340335,0.15,pp-0014,mutating,3
45,6,0.576836,-0.003877,0.983469,0.247155,0.972377,0.5,0.086504,0.340332,0.15,pp-0014,mutating,3
46,6,0.579948,0.003112,0.983726,0.256054,0.972369,0.5,0.089619,0.340329,0.15,pp-0014,mutating,3
47,6,0.581719,0.001771,0.983475,0.26112,0.972362,0.5,0.091392,0.340327,0.15,pp-0014,mutating,3
48,6,0.583616,0.001897,0.982556,0.266549,0.972354,0.5,0.093292,0.340324,0.15,pp-0014,mutating,3
49,6,0.583367,-0.000249,0.985954,0.265846,0.972347,0.5,0.093046,0.340321,0.15,pp-0014,mutating,3
50,6,0.581722,-0.001645,0.981885,0.261152,0.972339,0.5,0.091403,0.340319,0.15,pp-0014,mutating,3
51,6,0.584347,0.002625,0.982699,0.26866,0.972331,0.5,0.094031,0.340316,0.15,pp-0014,mutating,3
52,6,0.585886,0.001539,0.982701,0.273067,0.972324,0.5,0.095573,0.340313,0.15,pp-0014,mutating,3
53,6,0.585147,-0.000739,0.986666,0.270959,0.972316,0.5,0.094836,0.340311,0.15,pp-0014,mutating,3
54,6,0.583648,-0.001499,0.981571,0.266685,0.972309,0.5,0.09334,0.340308,0.15,pp-0014,mutating,3
55,6,0.58984,0.006192,0.982686,0.284386,0.972301,0.5,0.099535,0.340305,0.15,pp-0014,mutating,3
56,6,0.589648,-0.000192,0.987226,0.283843,0.972294,0.5,0.099345,0.340303,0.15,pp-0014,mutating,3
57,6,0.58903,-0.000618,0.980945,0.282087,0.972286,0.5,0.09873,0.3403,0.15,pp-0014,mutating,3
58,6,0.596755,0.007725,0.981433,0.304165,0.972278,0.5,0.106458,0.340297,0.15,pp-0014,mutating,3
59,6,0.596755,0.0,0.974001,0.304173,0.972271,0.5,0.10646,0.340295,0.15,pp-0014,mutating,3
60,6,0.593596,-0.003159,0.981359,0.295154,0.972263,0.5,0.103304,0.340292,0.15,pp-0014,mutating,3
61,5,0.525058,-0.068538,0.981748,0.166031,0.972282,0.42216,0.058111,0.340299,0.126648,pp-0016,mutating,2
62,5,0.517714,-0.007344,0.982096,0.150498,0.972293,0.415789,0.052674,0.340303,0.124737,pp-0016,mutating,2
63,5,0.512815,-0.004899,0.981674,0.138799,0.972305,0.413097,0.048579,0.340307,0.123929,pp-0016,mutating,2
64,5,0.50992,-0.002895,0.980889,0.131206,0.972316,0.412291,0.045922,0.340311,0.123687,pp-0016,mutating,2
65,5,0.506599,-0.003321,0.981632,0.124336,0.972328,0.409224,0.043517,0.340315,0.122767,pp-0016,mutating,2
66,5,0.505685,-0.000914,0.980353,0.118743,0.972339,0.412687,0.04156,0.340319,0.123806,pp-0016,mutating,2
67,5,0.502251,-0.003434,0.980104,0.111897,0.97235,0.409213,0.039164,0.340323,0.122764,pp-0016,mutating,2
68,5,0.500272,-0.001979,0.980029,0.10842,0.972362,0.406659,0.037947,0.340327,0.121998,pp-0016,mutating,2
69,5,0.49838,-0.001892,0.97991,0.104175,0.972373,0.405295,0.036461,0.340331,0.121588,pp-0016,mutating,2
70,5,0.497742,-0.000638,0.978907,0.101673,0.972385,0.406072,0.035586,0.340335,0.121821,pp-0016,mutating,2
71,5,0.495724,-0.002018,0.978838,0.096665,0.972396,0.405174,0.033833,0.340339,0.121552,pp-0016,mutating,2
72,5,0.494845,-0.000879,0.977985,0.093693,0.972407,0.4057,0.032792,0.340343,0.12171,pp-0016,mutating,2
73,5,0.493973,-0.000872,0.977496,0.089434,0.972419,0.407752,0.031302,0.340346,0.122325,pp-0016,mutating,2
74,5,0.493281,-0.000692,0.976473,0.087106,0.97243,0.408148,0.030487,0.34035,0.122444,pp-0016,mutating,2
75,5,0.491915,-0.001366,0.976517,0.082792,0.972441,0.408612,0.028977,0.340354,0.122584,pp-0016,mutating,2
76,5,0.490843,-0.001072,0.976818,0.081095,0.972452,0.407007,0.028383,0.340358,0.122102,pp-0016,mutating,2
77,5,0.488324,-0.002519,0.976434,0.075414,0.972464,0.405222,0.026395,0.340362,0.121567,pp-0016,mutating,2
78,5,0.487649,-0.000675,0.976738,0.074906,0.972475,0.403552,0.026217,0.340366,0.121066,pp-0016,mutating,2
79,5,0.487609,-4e-05,0.976255,0.074081,0.972486,0.404369,0.025928,0.34037,0.121311,pp-0016,mutating,2
80,5,0.486785,-0.000824,0.975139,0.070421,0.972498,0.40588,0.024647,0.340374,0.121764,pp-0016,mutating,2
81,5,0.487373,0.000588,0.97584,0.073144,0.972509,0.404649,0.0256,0.340378,0.121395,pp-0016,mutating,2
82,5,0.486549,-0.000824,0.97646,0.071703,0.97252,0.403569,0.025096,0.340382,0.121071,pp-0016,mutating,2
83,5,0.485701,-0.000848,0.975668,0.068942,0.972531,0.40395,0.02413,0.340386,0.121185,pp-0016,mutating,2
84,5,0.484685,-0.001016,0.97556,0.066503,0.972542,0.403396,0.023276,0.34039,0.121019,pp-0016,mutating,2
85,5,0.484729,4.4e-05,0.974924,0.065178,0.972554,0.405077,0.022812,0.340394,0.121523,pp-0016,mutating,2
86,5,0.484875,0.000146,0.974375,0.064222,0.972565,0.406662,0.022478,0.340398,0.121999,pp-0016,mutating,2
87,5,0.483887,-0.000988,0.973881,0.062213,0.972576,0.4057,0.021775,0.340402,0.12171,pp-0016,mutating,2
88,5,0.483299,-0.000588,0.973446,0.060195,0.972587,0.406084,0.021068,0.340406,0.121825,pp-0016,mutating,2
89,5,0.482074,-0.001225,0.973616,0.058175,0.972598,0.404347,0.020361,0.340409,0.121304,pp-0016,mutating,2
90,5,0.482377,0.000303,0.973675,0.058415,0.97261,0.405063,0.020445,0.340413,0.121519,pp-0016,mutating,2
91,5,0.4807,-0.001677,0.973044,0.054188,0.972621,0.40439,0.018966,0.340417,0.121317,pp-0016,mutating,2
92,5,0.479611,-0.001089,0.972198,0.050911,0.972632,0.40457,0.017819,0.340421,0.121371,pp-0016,mutating,2
93,5,0.478875,-0.000736,0.971478,0.048478,0.972643,0.404944,0.016967,0.340425,0.121483,pp-0016,mutating,2
94,5,0.479231,0.000356,0.971059,0.048924,0.972654,0.405597,0.017123,0.340429,0.121679,pp-0016,mutating,2
95,5,0.478042,-0.001189,0.970519,0.046486,0.972665,0.404462,0.01627,0.340433,0.121339,pp-0016,mutating,2
96,5,0.47785,-0.000192,0.970683,0.046142,0.972676,0.404209,0.01615,0.340437,0.121263,pp-0016,mutating,2
97,5,0.477526,-0.000324,0.971205,0.046543,0.972688,0.402652,0.01629,0.340441,0.120795,pp-0016,mutating,2
98,5,0.478279,0.000753,0.971267,0.047574,0.972699,0.403943,0.016651,0.340445,0.121183,pp-0016,mutating,2
99,5,0.478892,0.000613,0.971529,0.048468,0.97271,0.404933,0.016964,0.340448,0.12148,pp-0016,mutating,2
100,5,0.478268,-0.000624,0.971438,0.047196,0.972721,0.404327,0.016518,0.340452,0.121298,pp-0016,mutating,2
101,5,0.478755,0.000487,0.97169,0.048458,0.972732,0.404463,0.01696,0.340456,0.121339,pp-0016,mutating,2
102,5,0.477873,-0.000882,0.971215,0.046324,0.972743,0.404001,0.016213,0.34046,0.1212,pp-0016,mutating,2
103,5,0.477892,1.9e-05,0.971031,0.046438,0.972754,0.403916,0.016253,0.340464,0.121175,pp-0016,mutating,2
104,5,0.47835,0.000458,0.971018,0.046983,0.972765,0.404794,0.016444,0.340468,0.121438,pp-0016,mutating,2
105,5,0.478727,0.000377,0.971236,0.047179,0.972776,0.405807,0.016513,0.340472,0.121742,pp-0016,mutating,2
106,5,0.478085,-0.000642,0.970607,0.044978,0.972787,0.406228,0.015742,0.340475,0.121868,pp-0016,mutating,2
107,5,0.476905,-0.00118,0.97021,0.042177,0.972798,0.405547,0.014762,0.340479,0.121664,pp-0016,mutating,2
108,5,0.476362,-0.000543,0.969878,0.040723,0.972809,0.405419,0.014253,0.340483,0.121626,pp-0016,mutating,2
109,5,0.475539,-0.000823,0.969777,0.039277,0.97282,0.40435,0.013747,0.340487,0.121305,pp-0016,mutating,2
110,5,0.475119,-0.00042,0.969229,0.038005,0.972831,0.404419,0.013302,0.340491,0.121326,pp-0016,mutating,2
111,5,0.474519,-0.0006,0.969259,0.036978,0.972842,0.403606,0.012942,0.340495,0.121082,pp-0016,mutating,2
112,5,0.474103,-0.000416,0.968552,0.036012,0.972853,0.403335,0.012604,0.340499,0.121,pp-0016,mutating,2
113,7,0.554046,0.079943,0.968668,0.242762,0.972879,0.428571,0.084967,0.340508,0.128571,pp-0015,mutating,3
114,7,0.557193,0.003147,0.964111,0.251997,0.972637,0.428571,0.088199,0.340423,0.128571,pp-0015,mutating,3
115,7,0.561341,0.004148,0.957375,0.263871,0.972614,0.428571,0.092355,0.340415,0.128571,pp-0015,mutating,3
116,7,0.565641,0.0043,0.950349,0.276178,0.972593,0.428571,0.096662,0.340408,0.128571,pp-0015,mutating,3
117,7,0.570818,0.005177,0.940696,0.290992,0.972573,0.428571,0.101847,0.3404,0.128571,pp-0015,mutating,3
118,7,0.578368,0.00755,0.929084,0.306372,0.972552,0.435816,0.10723,0.340393,0.130745,pp-0016,mutating,2
119,7,0.585816,0.007448,0.916589,0.321134,0.972531,0.443443,0.112397,0.340386,0.133033,pp-0016,mutating,2
120,7,0.594018,0.008202,0.901153,0.337971,0.97251,0.451164,0.11829,0.340379,0.135349,pp-0016,mutating,2
121,7,0.603782,0.009764,0.880416,0.357988,0.972489,0.460382,0.125296,0.340371,0.138115,pp-0016,mutating,2
122,6,0.574064,-0.029718,0.86248,0.267002,0.972528,0.467426,0.093451,0.340385,0.140228,pp-0016,mutating,2
123,6,0.578129,0.004065,0.854077,0.275124,0.97252,0.471515,0.096293,0.340382,0.141454,pp-0016,mutating,2
124,6,0.58102,0.002891,0.846149,0.281508,0.972513,0.473711,0.098528,0.340379,0.142113,pp-0016,mutating,2
125,6,0.583739,0.002719,0.839646,0.287195,0.972505,0.476148,0.100518,0.340377,0.142844,pp-0016,mutating,2
126,6,0.58686,0.003121,0.831593,0.293057,0.972498,0.47972,0.10257,0.340374,0.143916,pp-0016,mutating,2
127,6,0.590984,0.004124,0.820301,0.300909,0.97249,0.484312,0.105318,0.340372,0.145294,pp-0016,mutating,2
128,6,0.593587,0.002603,0.814235,0.305649,0.972483,0.487469,0.106977,0.340369,0.146241,pp-0016,mutating,2
129,6,0.596557,0.00297,0.804611,0.310971,0.972475,0.491169,0.10884,0.340366,0.147351,pp-0016,mutating,2
130,6,0.59487,-0.001687,0.799076,0.309902,0.972468,0.486799,0.108466,0.340364,0.14604,pp-0016,mutating,2
131,6,0.5982,0.00333,0.785137,0.317555,0.97246,0.488982,0.111144,0.340361,0.146695,pp-0016,mutating,2
132,5,0.552673,-0.045527,0.777717,0.186837,0.972519,0.489661,0.065393,0.340382,0.146898,pp-0016,mutating,2
133,5,0.548995,-0.003678,0.788796,0.180057,0.97253,0.4853,0.06302,0.340385,0.14559,pp-0016,mutating,2
134,5,0.54654,-0.002455,0.796164,0.175382,0.972541,0.482557,0.061384,0.340389,0.144767,pp-0016,mutating,2
135,5,0.544325,-0.002215,0.805007,0.170948,0.972552,0.480332,0.059832,0.340393,0.1441,pp-0016,mutating,2
136,5,0.541612,-0.002713,0.810073,0.166353,0.972564,0.476639,0.058223,0.340397,0.142992,pp-0016,mutating,2
137,5,0.540604,-0.001008,0.814963,0.163008,0.972575,0.477165,0.057053,0.340401,0.14315,pp-0016,mutating,2
138,5,0.538256,-0.002348,0.81875,0.158946,0.972586,0.474067,0.055631,0.340405,0.14222,pp-0016,mutating,2
139,5,0.53718,-0.001076,0.82251,0.157648,0.972597,0.471981,0.055177,0.340409,0.141594,pp-0016,mutating,2
140,5,0.535383,-0.001797,0.828172,0.154711,0.972608,0.469404,0.054149,0.340413,0.140821,pp-0016,mutating,2
141,5,0.532671,-0.002712,0.834187,0.14936,0.972619,0.466593,0.052276,0.340417,0.139978,pp-0016,mutating,2
142,5,0.530794,-0.001877,0.837395,0.145244,0.972631,0.465125,0.050835,0.340421,0.139538,pp-0016,mutating,2
143,5,0.52858,-0.002214,0.842595,0.140984,0.972642,0.462701,0.049345,0.340425,0.13881,pp-0016,mutating,2
144,5,0.526706,-0.001874,0.847502,0.138312,0.972653,0.459559,0.048409,0.340429,0.137868,pp-0016,mutating,2
145,5,0.52565,-0.001056,0.850102,0.13657,0.972664,0.458063,0.047799,0.340432,0.137419,pp-0016,mutating,2
146,5,0.524468,-0.001182,0.852157,0.134223,0.972675,0.456845,0.046978,0.340436,0.137054,pp-0016,mutating,2
147,5,0.523847,-0.000621,0.853789,0.133255,0.972686,0.455894,0.046639,0.34044,0.136768,pp-0016,mutating,2
148,5,0.522459,-0.001388,0.85808,0.129664,0.972697,0.455445,0.045382,0.340444,0.136633,pp-0016,mutating,2
149,5,0.520808,-0.001651,0.861277,0.126127,0.972708,0.454054,0.044144,0.340448,0.136216,pp-0016,mutating,2
150,5,0.519224,-0.001584,0.865051,0.123327,0.972719,0.452025,0.043165,0.340452,0.135607,pp-0016,mutating,2
151,5,0.518453,-0.000771,0.867643,0.120892,0.972731,0.452283,0.042312,0.340456,0.135685,pp-0016,mutating,2
152,5,0.51757,-0.000883,0.869184,0.118533,0.972742,0.45208,0.041486,0.34046,0.135624,pp-0016,mutating,2
153,5,0.515865,-0.001705,0.872154,0.11448,0.972753,0.451114,0.040068,0.340463,0.135334,pp-0016,mutating,2
154,5,0.515058,-0.000807,0.872523,0.112359,0.972764,0.450883,0.039326,0.340467,0.135265,pp-0016,mutating,2
155,5,0.51435,-0.000708,0.873298,0.110986,0.972775,0.450115,0.038845,0.340471,0.135034,pp-0016,mutating,2
156,5,0.513275,-0.001075,0.875362,0.109251,0.972786,0.448542,0.038238,0.340475,0.134562,pp-0016,mutating,2
157,5,0.512444,-0.000831,0.877816,0.106871,0.972797,0.448533,0.037405,0.340479,0.13456,pp-0016,mutating,2
158,7,0.547769,0.035325,0.878242,0.208237,0.972838,0.447976,0.072883,0.340493,0.134393,pp-0016,mutating,3
159,7,0.551028,0.003259,0.877693,0.217559,0.972597,0.448244,0.076146,0.340409,0.134473,pp-0016,mutating,3
