quick_fill_row_id,blocker_id,input_group,input_key,preview_value_present,unsafe_pattern_count,row_status
QF-001,support_contact,first_owner_input,assigned_human_owner,True,0,preview_value_present_pending_safety_preflight
QF-002,support_contact,first_owner_input,owner_contact_reference,True,0,preview_value_present_pending_safety_preflight
QF-003,support_contact,first_owner_input,target_review_date,True,0,preview_value_present_pending_safety_preflight
QF-004,support_contact,first_owner_input,owner_acknowledged_scope,True,0,preview_value_present_pending_safety_preflight
QF-005,support_contact,first_owner_input,human_approval_reference,True,0,preview_value_present_pending_safety_preflight
QF-006,support_contact,support_contact_decision_metadata,human_reviewer_name,True,0,preview_value_present_pending_safety_preflight
QF-007,support_contact,support_contact_decision_metadata,review_date,True,0,preview_value_present_pending_safety_preflight
QF-008,support_contact,support_contact_decision_metadata,selected_support_contact_channel,True,0,preview_value_present_pending_safety_preflight
QF-009,support_contact,support_contact_decision_metadata,decision_summary,True,0,preview_value_present_pending_safety_preflight
QF-010,support_contact,support_contact_evidence_review,abuse_handling_path_defined,True,0,preview_value_present_pending_safety_preflight
QF-011,support_contact,support_contact_evidence_review,customer_facing_support_contact_configured,True,0,preview_value_present_pending_safety_preflight
QF-012,support_contact,support_contact_evidence_review,customer_notice_route_defined,True,0,preview_value_present_pending_safety_preflight
QF-013,support_contact,support_contact_evidence_review,support_contact_owner_named,True,0,preview_value_present_pending_safety_preflight
QF-014,support_contact,support_contact_evidence_review,support_contact_test_recorded,True,0,preview_value_present_pending_safety_preflight
QF-015,support_contact,support_contact_candidate_slot,support_contact_candidate_a,True,0,preview_value_present_pending_safety_preflight
QF-016,pricing_page,metadata_fields_to_fill,human_reviewer_name,True,0,preview_value_present_pending_safety_preflight
QF-017,pricing_page,metadata_fields_to_fill,review_date,True,0,preview_value_present_pending_safety_preflight
QF-018,pricing_page,metadata_fields_to_fill,commercial_owner,True,0,preview_value_present_pending_safety_preflight
QF-019,pricing_page,metadata_fields_to_fill,product_owner,True,0,preview_value_present_pending_safety_preflight
QF-020,pricing_page,metadata_fields_to_fill,accounting_owner,True,0,preview_value_present_pending_safety_preflight
QF-021,pricing_page,metadata_fields_to_fill,legal_owner,True,0,preview_value_present_pending_safety_preflight
QF-022,pricing_page,metadata_fields_to_fill,billing_owner,True,0,preview_value_present_pending_safety_preflight
QF-023,pricing_page,metadata_fields_to_fill,review_record_reference,True,0,preview_value_present_pending_safety_preflight
QF-024,pricing_page,metadata_fields_to_fill,decision_summary,True,0,preview_value_present_pending_safety_preflight
QF-025,pricing_page,pricing_page_keys_to_review,human_approved_pricing_page_copy,True,0,preview_value_present_pending_safety_preflight
QF-026,pricing_page,pricing_page_keys_to_review,approved_plan_and_usage_terms,True,0,preview_value_present_pending_safety_preflight
QF-027,pricing_page,pricing_page_keys_to_review,legal_review_completed,True,0,preview_value_present_pending_safety_preflight
QF-028,pricing_page,pricing_page_keys_to_review,production_readiness_non_claim_reviewed,True,0,preview_value_present_pending_safety_preflight
QF-029,pricing_page,pricing_page_keys_to_review,pricing_page_publication_approval_recorded,True,0,preview_value_present_pending_safety_preflight
QF-030,formal_security_review,formal_security_review_keys_to_review,auth_and_tenant_boundary_reviewed,True,0,preview_value_present_pending_safety_preflight
QF-031,formal_security_review,formal_security_review_keys_to_review,dependency_review_completed,True,0,preview_value_present_pending_safety_preflight
QF-032,formal_security_review,formal_security_review_keys_to_review,formal_security_review_report,True,0,preview_value_present_pending_safety_preflight
QF-033,formal_security_review,formal_security_review_keys_to_review,private_core_non_exposure_review_completed,True,0,preview_value_present_pending_safety_preflight
QF-034,formal_security_review,formal_security_review_keys_to_review,public_shell_threat_model_reviewed,True,0,preview_value_present_pending_safety_preflight
QF-035,formal_security_review,formal_security_review_keys_to_review,review_findings_triaged,True,0,preview_value_present_pending_safety_preflight
QF-036,formal_security_review,formal_security_review_keys_to_review,storage_backup_and_restore_reviewed,True,0,preview_value_present_pending_safety_preflight
QF-037,formal_security_review,metadata_fields_to_fill,human_reviewer_name,True,0,preview_value_present_pending_safety_preflight
QF-038,formal_security_review,metadata_fields_to_fill,review_date,True,0,preview_value_present_pending_safety_preflight
QF-039,formal_security_review,metadata_fields_to_fill,security_review_owner,True,0,preview_value_present_pending_safety_preflight
QF-040,formal_security_review,metadata_fields_to_fill,report_reference,True,0,preview_value_present_pending_safety_preflight
QF-041,formal_security_review,metadata_fields_to_fill,decision_summary,True,0,preview_value_present_pending_safety_preflight
QF-042,production_restore_policy,metadata_fields_to_fill,human_reviewer_name,True,0,preview_value_present_pending_safety_preflight
QF-043,production_restore_policy,metadata_fields_to_fill,review_date,True,0,preview_value_present_pending_safety_preflight
QF-044,production_restore_policy,metadata_fields_to_fill,data_operations_owner,True,0,preview_value_present_pending_safety_preflight
QF-045,production_restore_policy,metadata_fields_to_fill,security_owner,True,0,preview_value_present_pending_safety_preflight
QF-046,production_restore_policy,metadata_fields_to_fill,privacy_legal_owner,True,0,preview_value_present_pending_safety_preflight
QF-047,production_restore_policy,metadata_fields_to_fill,incident_response_owner,True,0,preview_value_present_pending_safety_preflight
QF-048,production_restore_policy,metadata_fields_to_fill,decision_summary,True,0,preview_value_present_pending_safety_preflight
QF-049,production_restore_policy,policy_evidence_keys_to_review,backup_retention_policy_approved,True,0,preview_value_present_pending_safety_preflight
QF-050,production_restore_policy,policy_evidence_keys_to_review,credential_secret_exclusion_reviewed,True,0,preview_value_present_pending_safety_preflight
QF-051,production_restore_policy,policy_evidence_keys_to_review,customer_notification_boundary_approved,True,0,preview_value_present_pending_safety_preflight
QF-052,production_restore_policy,policy_evidence_keys_to_review,incident_response_handoff_approved,True,0,preview_value_present_pending_safety_preflight
QF-053,production_restore_policy,policy_evidence_keys_to_review,production_restore_policy_approved,True,0,preview_value_present_pending_safety_preflight
QF-054,production_restore_policy,policy_evidence_keys_to_review,tenant_restore_boundary_approved,True,0,preview_value_present_pending_safety_preflight
QF-055,production_monitoring,metadata_fields_to_fill,human_reviewer_name,True,0,preview_value_present_pending_safety_preflight
QF-056,production_monitoring,metadata_fields_to_fill,review_date,True,0,preview_value_present_pending_safety_preflight
QF-057,production_monitoring,metadata_fields_to_fill,monitoring_owner,True,0,preview_value_present_pending_safety_preflight
QF-058,production_monitoring,metadata_fields_to_fill,operations_reviewer_name,True,0,preview_value_present_pending_safety_preflight
QF-059,production_monitoring,metadata_fields_to_fill,decision_summary,True,0,preview_value_present_pending_safety_preflight
QF-060,production_monitoring,monitoring_evidence_keys_to_review,log_retention_reviewed,True,0,preview_value_present_pending_safety_preflight
QF-061,production_monitoring,monitoring_evidence_keys_to_review,metrics_coverage_approved,True,0,preview_value_present_pending_safety_preflight
QF-062,production_monitoring,monitoring_evidence_keys_to_review,monitoring_dry_run_recorded,True,0,preview_value_present_pending_safety_preflight
QF-063,production_monitoring,monitoring_evidence_keys_to_review,production_monitoring_plan_approved,True,0,preview_value_present_pending_safety_preflight
QF-064,production_monitoring,monitoring_evidence_keys_to_review,slo_dashboard_defined,True,0,preview_value_present_pending_safety_preflight
